SET FOREIGN_KEY_CHECKS=0;

-- ----------------------------
-- Table structure for `allowed_character_creator_models`
-- ----------------------------
DROP TABLE IF EXISTS `allowed_character_creator_models`;
CREATE TABLE `allowed_character_creator_models` (
  `model_name` varchar(50) NOT NULL DEFAULT '',
  PRIMARY KEY (`model_name`)
) ENGINE=InnoDB DEFAULT CHARSET=utf8;

-- ----------------------------
-- Records of allowed_character_creator_models
-- ----------------------------
INSERT INTO `allowed_character_creator_models` VALUES ('Abigail');
INSERT INTO `allowed_character_creator_models` VALUES ('AfriAmer01AMM');
INSERT INTO `allowed_character_creator_models` VALUES ('Agent14');
INSERT INTO `allowed_character_creator_models` VALUES ('AlDiNapoli');
INSERT INTO `allowed_character_creator_models` VALUES ('AmandaTownley');
INSERT INTO `allowed_character_creator_models` VALUES ('Andreas');
INSERT INTO `allowed_character_creator_models` VALUES ('AntonB');
INSERT INTO `allowed_character_creator_models` VALUES ('ArmBoss01GMM');
INSERT INTO `allowed_character_creator_models` VALUES ('ArmGoon01GMM');
INSERT INTO `allowed_character_creator_models` VALUES ('ArmGoon02GMY');
INSERT INTO `allowed_character_creator_models` VALUES ('ArmLieut01GMM');
INSERT INTO `allowed_character_creator_models` VALUES ('Ashley');
INSERT INTO `allowed_character_creator_models` VALUES ('AutoShop01SMM');
INSERT INTO `allowed_character_creator_models` VALUES ('AviSchwartzman');
INSERT INTO `allowed_character_creator_models` VALUES ('Azteca01GMY');
INSERT INTO `allowed_character_creator_models` VALUES ('BallaEast01GMY');
INSERT INTO `allowed_character_creator_models` VALUES ('BallaOrig01GMY');
INSERT INTO `allowed_character_creator_models` VALUES ('Ballas01GFY');
INSERT INTO `allowed_character_creator_models` VALUES ('BallasOG');
INSERT INTO `allowed_character_creator_models` VALUES ('BallaSout01GMY');
INSERT INTO `allowed_character_creator_models` VALUES ('Bankman');
INSERT INTO `allowed_character_creator_models` VALUES ('Bankman01');
INSERT INTO `allowed_character_creator_models` VALUES ('Barman01SMY');
INSERT INTO `allowed_character_creator_models` VALUES ('Barry');
INSERT INTO `allowed_character_creator_models` VALUES ('Bartender01SFY');
INSERT INTO `allowed_character_creator_models` VALUES ('Baygor');
INSERT INTO `allowed_character_creator_models` VALUES ('Beach01AMO');
INSERT INTO `allowed_character_creator_models` VALUES ('Beach01AMY');
INSERT INTO `allowed_character_creator_models` VALUES ('Beach02AMY');
INSERT INTO `allowed_character_creator_models` VALUES ('BeachVesp01AMY');
INSERT INTO `allowed_character_creator_models` VALUES ('Beachvesp02AMY');
INSERT INTO `allowed_character_creator_models` VALUES ('Benny');
INSERT INTO `allowed_character_creator_models` VALUES ('BestMen');
INSERT INTO `allowed_character_creator_models` VALUES ('Beverly');
INSERT INTO `allowed_character_creator_models` VALUES ('BevHills01AFM');
INSERT INTO `allowed_character_creator_models` VALUES ('Bevhills01AFY');
INSERT INTO `allowed_character_creator_models` VALUES ('BevHills01AMM');
INSERT INTO `allowed_character_creator_models` VALUES ('BevHills01AMY');
INSERT INTO `allowed_character_creator_models` VALUES ('BevHills02AFM');
INSERT INTO `allowed_character_creator_models` VALUES ('BevHills02AFY');
INSERT INTO `allowed_character_creator_models` VALUES ('BevHills02AMM');
INSERT INTO `allowed_character_creator_models` VALUES ('BevHills02AMY');
INSERT INTO `allowed_character_creator_models` VALUES ('Bevhills03AFY');
INSERT INTO `allowed_character_creator_models` VALUES ('BevHills04AFY');
INSERT INTO `allowed_character_creator_models` VALUES ('BikerChic');
INSERT INTO `allowed_character_creator_models` VALUES ('BoatStaff01F');
INSERT INTO `allowed_character_creator_models` VALUES ('BoatStaff01M');
INSERT INTO `allowed_character_creator_models` VALUES ('Brad');
INSERT INTO `allowed_character_creator_models` VALUES ('Bride');
INSERT INTO `allowed_character_creator_models` VALUES ('Busicas01AMY');
INSERT INTO `allowed_character_creator_models` VALUES ('Business01AFY');
INSERT INTO `allowed_character_creator_models` VALUES ('Business01AMM');
INSERT INTO `allowed_character_creator_models` VALUES ('Business01AMY');
INSERT INTO `allowed_character_creator_models` VALUES ('Business02AFM');
INSERT INTO `allowed_character_creator_models` VALUES ('Business02AFY');
INSERT INTO `allowed_character_creator_models` VALUES ('Business02AMY');
INSERT INTO `allowed_character_creator_models` VALUES ('Business03AFY');
INSERT INTO `allowed_character_creator_models` VALUES ('Business03AMY');
INSERT INTO `allowed_character_creator_models` VALUES ('Business04AFY');
INSERT INTO `allowed_character_creator_models` VALUES ('Busker01SMO');
INSERT INTO `allowed_character_creator_models` VALUES ('Car3Guy1');
INSERT INTO `allowed_character_creator_models` VALUES ('Car3Guy2');
INSERT INTO `allowed_character_creator_models` VALUES ('ChiBoss01GMM');
INSERT INTO `allowed_character_creator_models` VALUES ('ChiGoon01GMM');
INSERT INTO `allowed_character_creator_models` VALUES ('ChiGoon02GMM');
INSERT INTO `allowed_character_creator_models` VALUES ('Chip');
INSERT INTO `allowed_character_creator_models` VALUES ('CntryBar01SMM');
INSERT INTO `allowed_character_creator_models` VALUES ('ComJane');
INSERT INTO `allowed_character_creator_models` VALUES ('Cyclist01');
INSERT INTO `allowed_character_creator_models` VALUES ('Cyclist01amy');
INSERT INTO `allowed_character_creator_models` VALUES ('Dale');
INSERT INTO `allowed_character_creator_models` VALUES ('DaveNorton');
INSERT INTO `allowed_character_creator_models` VALUES ('Dealer01SMY');
INSERT INTO `allowed_character_creator_models` VALUES ('Denise');
INSERT INTO `allowed_character_creator_models` VALUES ('Devin');
INSERT INTO `allowed_character_creator_models` VALUES ('DevinSec01SMY');
INSERT INTO `allowed_character_creator_models` VALUES ('DHill01AMY');
INSERT INTO `allowed_character_creator_models` VALUES ('DoaMan');
INSERT INTO `allowed_character_creator_models` VALUES ('Dom');
INSERT INTO `allowed_character_creator_models` VALUES ('DownTown01AFM');
INSERT INTO `allowed_character_creator_models` VALUES ('DownTown01AMY');
INSERT INTO `allowed_character_creator_models` VALUES ('Dreyfuss');
INSERT INTO `allowed_character_creator_models` VALUES ('DrFriedlander');
INSERT INTO `allowed_character_creator_models` VALUES ('EastSA01AFM');
INSERT INTO `allowed_character_creator_models` VALUES ('EastSA01AFY');
INSERT INTO `allowed_character_creator_models` VALUES ('EastSA01AMM');
INSERT INTO `allowed_character_creator_models` VALUES ('Eastsa01AMY');
INSERT INTO `allowed_character_creator_models` VALUES ('EastSA02AFM');
INSERT INTO `allowed_character_creator_models` VALUES ('EastSA02AFY');
INSERT INTO `allowed_character_creator_models` VALUES ('EastSa02AMM');
INSERT INTO `allowed_character_creator_models` VALUES ('EastSA02AMY');
INSERT INTO `allowed_character_creator_models` VALUES ('EastSA03AFY');
INSERT INTO `allowed_character_creator_models` VALUES ('EdToh');
INSERT INTO `allowed_character_creator_models` VALUES ('Epsilon01AFY');
INSERT INTO `allowed_character_creator_models` VALUES ('Epsilon01AMY');
INSERT INTO `allowed_character_creator_models` VALUES ('Epsilon02AMY');
INSERT INTO `allowed_character_creator_models` VALUES ('Fabien');
INSERT INTO `allowed_character_creator_models` VALUES ('FamCA01GMY');
INSERT INTO `allowed_character_creator_models` VALUES ('FamDD01');
INSERT INTO `allowed_character_creator_models` VALUES ('FamDNF01GMY');
INSERT INTO `allowed_character_creator_models` VALUES ('FamFor01GMY');
INSERT INTO `allowed_character_creator_models` VALUES ('Families01GFY');
INSERT INTO `allowed_character_creator_models` VALUES ('Farmer01AMM');
INSERT INTO `allowed_character_creator_models` VALUES ('FatBla01AFM');
INSERT INTO `allowed_character_creator_models` VALUES ('FatLatin01AMM');
INSERT INTO `allowed_character_creator_models` VALUES ('FatWhite01AFM');
INSERT INTO `allowed_character_creator_models` VALUES ('FemBarberSFM');
INSERT INTO `allowed_character_creator_models` VALUES ('Fitness01AFY');
INSERT INTO `allowed_character_creator_models` VALUES ('Fitness02AFY');
INSERT INTO `allowed_character_creator_models` VALUES ('Floyd');
INSERT INTO `allowed_character_creator_models` VALUES ('G');
INSERT INTO `allowed_character_creator_models` VALUES ('Gay01AMY');
INSERT INTO `allowed_character_creator_models` VALUES ('Gay02AMY');
INSERT INTO `allowed_character_creator_models` VALUES ('GenFat01AMM');
INSERT INTO `allowed_character_creator_models` VALUES ('GenFat02AMM');
INSERT INTO `allowed_character_creator_models` VALUES ('GenHot01AFY');
INSERT INTO `allowed_character_creator_models` VALUES ('GenStreet01AMY');
INSERT INTO `allowed_character_creator_models` VALUES ('GenStreet02AMY');
INSERT INTO `allowed_character_creator_models` VALUES ('GlenStank01');
INSERT INTO `allowed_character_creator_models` VALUES ('Golfer01AFY');
INSERT INTO `allowed_character_creator_models` VALUES ('Groom');
INSERT INTO `allowed_character_creator_models` VALUES ('Guido01');
INSERT INTO `allowed_character_creator_models` VALUES ('HairDress01SMM');
INSERT INTO `allowed_character_creator_models` VALUES ('Hao');
INSERT INTO `allowed_character_creator_models` VALUES ('HasJew01AMM');
INSERT INTO `allowed_character_creator_models` VALUES ('HasJew01AMY');
INSERT INTO `allowed_character_creator_models` VALUES ('Hiker01AFY');
INSERT INTO `allowed_character_creator_models` VALUES ('Hiker01AMY');
INSERT INTO `allowed_character_creator_models` VALUES ('HillBilly01AMM');
INSERT INTO `allowed_character_creator_models` VALUES ('HillBilly02AMM');
INSERT INTO `allowed_character_creator_models` VALUES ('Hippie01');
INSERT INTO `allowed_character_creator_models` VALUES ('Hippie01AFY');
INSERT INTO `allowed_character_creator_models` VALUES ('Hippy01AMY');
INSERT INTO `allowed_character_creator_models` VALUES ('Hipster01AFY');
INSERT INTO `allowed_character_creator_models` VALUES ('Hipster01AMY');
INSERT INTO `allowed_character_creator_models` VALUES ('Hipster02AFY');
INSERT INTO `allowed_character_creator_models` VALUES ('Hipster02AMY');
INSERT INTO `allowed_character_creator_models` VALUES ('Hipster03AFY');
INSERT INTO `allowed_character_creator_models` VALUES ('Hipster03AMY');
INSERT INTO `allowed_character_creator_models` VALUES ('Hipster04AFY');
INSERT INTO `allowed_character_creator_models` VALUES ('HotPosh01');
INSERT INTO `allowed_character_creator_models` VALUES ('Indian01AFO');
INSERT INTO `allowed_character_creator_models` VALUES ('Indian01AFY');
INSERT INTO `allowed_character_creator_models` VALUES ('Indian01AMM');
INSERT INTO `allowed_character_creator_models` VALUES ('Indian01AMY');
INSERT INTO `allowed_character_creator_models` VALUES ('Janet');
INSERT INTO `allowed_character_creator_models` VALUES ('JayNorris');
INSERT INTO `allowed_character_creator_models` VALUES ('JewelAss');
INSERT INTO `allowed_character_creator_models` VALUES ('JewelAss01');
INSERT INTO `allowed_character_creator_models` VALUES ('JimmyBoston');
INSERT INTO `allowed_character_creator_models` VALUES ('JimmyDisanto');
INSERT INTO `allowed_character_creator_models` VALUES ('JoeMinuteman');
INSERT INTO `allowed_character_creator_models` VALUES ('Josef');
INSERT INTO `allowed_character_creator_models` VALUES ('Josh');
INSERT INTO `allowed_character_creator_models` VALUES ('Juggalo01AFY');
INSERT INTO `allowed_character_creator_models` VALUES ('Juggalo01AMY');
INSERT INTO `allowed_character_creator_models` VALUES ('KerryMcintosh');
INSERT INTO `allowed_character_creator_models` VALUES ('KorBoss01GMM');
INSERT INTO `allowed_character_creator_models` VALUES ('Korean01GMY');
INSERT INTO `allowed_character_creator_models` VALUES ('Korean02GMY');
INSERT INTO `allowed_character_creator_models` VALUES ('KorLieut01GMY');
INSERT INTO `allowed_character_creator_models` VALUES ('KTown01AFM');
INSERT INTO `allowed_character_creator_models` VALUES ('KTown01AFO');
INSERT INTO `allowed_character_creator_models` VALUES ('KTown01AMM');
INSERT INTO `allowed_character_creator_models` VALUES ('KTown01AMO');
INSERT INTO `allowed_character_creator_models` VALUES ('KTown01AMY');
INSERT INTO `allowed_character_creator_models` VALUES ('KTown02AFM');
INSERT INTO `allowed_character_creator_models` VALUES ('KTown02AMY');
INSERT INTO `allowed_character_creator_models` VALUES ('LamarDavis');
INSERT INTO `allowed_character_creator_models` VALUES ('Latino01AMY');
INSERT INTO `allowed_character_creator_models` VALUES ('Lazlow');
INSERT INTO `allowed_character_creator_models` VALUES ('LifeInvad01');
INSERT INTO `allowed_character_creator_models` VALUES ('LifeInvad01SMM');
INSERT INTO `allowed_character_creator_models` VALUES ('LifeInvad02');
INSERT INTO `allowed_character_creator_models` VALUES ('Lost01GFY');
INSERT INTO `allowed_character_creator_models` VALUES ('Lost01GMY');
INSERT INTO `allowed_character_creator_models` VALUES ('Lost02GMY');
INSERT INTO `allowed_character_creator_models` VALUES ('Lost03GMY');
INSERT INTO `allowed_character_creator_models` VALUES ('Magenta');
INSERT INTO `allowed_character_creator_models` VALUES ('Malibu01AMM');
INSERT INTO `allowed_character_creator_models` VALUES ('Mani');
INSERT INTO `allowed_character_creator_models` VALUES ('Manuel');
INSERT INTO `allowed_character_creator_models` VALUES ('Markfost');
INSERT INTO `allowed_character_creator_models` VALUES ('Marnie');
INSERT INTO `allowed_character_creator_models` VALUES ('Maryann');
INSERT INTO `allowed_character_creator_models` VALUES ('MethHead01AMY');
INSERT INTO `allowed_character_creator_models` VALUES ('MexBoss01GMM');
INSERT INTO `allowed_character_creator_models` VALUES ('MexBoss02GMM');
INSERT INTO `allowed_character_creator_models` VALUES ('MexCntry01AMM');
INSERT INTO `allowed_character_creator_models` VALUES ('MexGang01GMY');
INSERT INTO `allowed_character_creator_models` VALUES ('MexGoon01GMY');
INSERT INTO `allowed_character_creator_models` VALUES ('MexGoon02GMY');
INSERT INTO `allowed_character_creator_models` VALUES ('MexGoon03GMY');
INSERT INTO `allowed_character_creator_models` VALUES ('Mexthug01AMY');
INSERT INTO `allowed_character_creator_models` VALUES ('Milton');
INSERT INTO `allowed_character_creator_models` VALUES ('Miranda');
INSERT INTO `allowed_character_creator_models` VALUES ('Motox02AMY');
INSERT INTO `allowed_character_creator_models` VALUES ('MovPrem01SFY');
INSERT INTO `allowed_character_creator_models` VALUES ('MovPrem01SMM');
INSERT INTO `allowed_character_creator_models` VALUES ('MPros01');
INSERT INTO `allowed_character_creator_models` VALUES ('MrK');
INSERT INTO `allowed_character_creator_models` VALUES ('Natalia');
INSERT INTO `allowed_character_creator_models` VALUES ('NervousRon');
INSERT INTO `allowed_character_creator_models` VALUES ('Nigel');
INSERT INTO `allowed_character_creator_models` VALUES ('OGBoss01AMM');
INSERT INTO `allowed_character_creator_models` VALUES ('OldMan2');
INSERT INTO `allowed_character_creator_models` VALUES ('Oneil');
INSERT INTO `allowed_character_creator_models` VALUES ('Ortega');
INSERT INTO `allowed_character_creator_models` VALUES ('Paige');
INSERT INTO `allowed_character_creator_models` VALUES ('Paparazzi01AMM');
INSERT INTO `allowed_character_creator_models` VALUES ('Paper');
INSERT INTO `allowed_character_creator_models` VALUES ('Party01');
INSERT INTO `allowed_character_creator_models` VALUES ('PoloGoon01GMY');
INSERT INTO `allowed_character_creator_models` VALUES ('PoloGoon02GMY');
INSERT INTO `allowed_character_creator_models` VALUES ('Polynesian01AMM');
INSERT INTO `allowed_character_creator_models` VALUES ('Polynesian01AMY');
INSERT INTO `allowed_character_creator_models` VALUES ('Popov');
INSERT INTO `allowed_character_creator_models` VALUES ('RampGang');
INSERT INTO `allowed_character_creator_models` VALUES ('RampHipster');
INSERT INTO `allowed_character_creator_models` VALUES ('RivalPaparazzi');
INSERT INTO `allowed_character_creator_models` VALUES ('RoadCyc01AMY');
INSERT INTO `allowed_character_creator_models` VALUES ('Runner01AFY');
INSERT INTO `allowed_character_creator_models` VALUES ('Runner02AMY');
INSERT INTO `allowed_character_creator_models` VALUES ('RurMeth01AFY');
INSERT INTO `allowed_character_creator_models` VALUES ('RurMeth01AMM');
INSERT INTO `allowed_character_creator_models` VALUES ('Salton01AFM');
INSERT INTO `allowed_character_creator_models` VALUES ('Salton01AFO');
INSERT INTO `allowed_character_creator_models` VALUES ('SalvaGoon02GMY');
INSERT INTO `allowed_character_creator_models` VALUES ('SalvaGoon03GMY');
INSERT INTO `allowed_character_creator_models` VALUES ('ScreenWriter');
INSERT INTO `allowed_character_creator_models` VALUES ('ShopHighSFM');
INSERT INTO `allowed_character_creator_models` VALUES ('ShopLowSFY');
INSERT INTO `allowed_character_creator_models` VALUES ('ShopMidSFY');
INSERT INTO `allowed_character_creator_models` VALUES ('SiemonYetarian');
INSERT INTO `allowed_character_creator_models` VALUES ('Skater01AFY');
INSERT INTO `allowed_character_creator_models` VALUES ('Skater01AMM');
INSERT INTO `allowed_character_creator_models` VALUES ('Skater01AMY');
INSERT INTO `allowed_character_creator_models` VALUES ('Skater02AMY');
INSERT INTO `allowed_character_creator_models` VALUES ('SoCenLat01AMM');
INSERT INTO `allowed_character_creator_models` VALUES ('Solomon');
INSERT INTO `allowed_character_creator_models` VALUES ('SouCent01AFO');
INSERT INTO `allowed_character_creator_models` VALUES ('SouCent01AFY');
INSERT INTO `allowed_character_creator_models` VALUES ('SouCent01AMM');
INSERT INTO `allowed_character_creator_models` VALUES ('SouCent01AMO');
INSERT INTO `allowed_character_creator_models` VALUES ('SouCent01AMY');
INSERT INTO `allowed_character_creator_models` VALUES ('SouCent02AFM');
INSERT INTO `allowed_character_creator_models` VALUES ('SouCent02AFO');
INSERT INTO `allowed_character_creator_models` VALUES ('SouCent02AFY');
INSERT INTO `allowed_character_creator_models` VALUES ('SouCent02AMM');
INSERT INTO `allowed_character_creator_models` VALUES ('SouCent02AMO');
INSERT INTO `allowed_character_creator_models` VALUES ('SouCent02AMY');
INSERT INTO `allowed_character_creator_models` VALUES ('SouCent03AFY');
INSERT INTO `allowed_character_creator_models` VALUES ('SouCent03AMM');
INSERT INTO `allowed_character_creator_models` VALUES ('SouCent04AMY');
INSERT INTO `allowed_character_creator_models` VALUES ('SpyActor');
INSERT INTO `allowed_character_creator_models` VALUES ('SpyActress');
INSERT INTO `allowed_character_creator_models` VALUES ('StBla01AMY');
INSERT INTO `allowed_character_creator_models` VALUES ('SteveHain');
INSERT INTO `allowed_character_creator_models` VALUES ('StLat01AMY');
INSERT INTO `allowed_character_creator_models` VALUES ('StLat02AMM');
INSERT INTO `allowed_character_creator_models` VALUES ('Stretch');
INSERT INTO `allowed_character_creator_models` VALUES ('StrPreach01SMM');
INSERT INTO `allowed_character_creator_models` VALUES ('StrPunk01GMY');
INSERT INTO `allowed_character_creator_models` VALUES ('StrPunk02GMY');
INSERT INTO `allowed_character_creator_models` VALUES ('StWhi01AMY');
INSERT INTO `allowed_character_creator_models` VALUES ('StWhi02AMY');
INSERT INTO `allowed_character_creator_models` VALUES ('SunBathe01AMY');
INSERT INTO `allowed_character_creator_models` VALUES ('Talina');
INSERT INTO `allowed_character_creator_models` VALUES ('Tanisha');
INSERT INTO `allowed_character_creator_models` VALUES ('TaoCheng');
INSERT INTO `allowed_character_creator_models` VALUES ('TaosTranslator');
INSERT INTO `allowed_character_creator_models` VALUES ('Tattoo01AMO');
INSERT INTO `allowed_character_creator_models` VALUES ('Tennis01AFY');
INSERT INTO `allowed_character_creator_models` VALUES ('TomEpsilon');
INSERT INTO `allowed_character_creator_models` VALUES ('Tonya');
INSERT INTO `allowed_character_creator_models` VALUES ('Tourist01AFM');
INSERT INTO `allowed_character_creator_models` VALUES ('Tourist01AFY');
INSERT INTO `allowed_character_creator_models` VALUES ('Tourist01AMM');
INSERT INTO `allowed_character_creator_models` VALUES ('Tourist02AFY');
INSERT INTO `allowed_character_creator_models` VALUES ('TracyDisanto');
INSERT INTO `allowed_character_creator_models` VALUES ('Vagos01GFY');
INSERT INTO `allowed_character_creator_models` VALUES ('VagosSpeak');
INSERT INTO `allowed_character_creator_models` VALUES ('VinDouche01AMY');
INSERT INTO `allowed_character_creator_models` VALUES ('Vinewood01AFY');
INSERT INTO `allowed_character_creator_models` VALUES ('VineWood01AMY');
INSERT INTO `allowed_character_creator_models` VALUES ('Vinewood02AFY');
INSERT INTO `allowed_character_creator_models` VALUES ('VineWood02AMY');
INSERT INTO `allowed_character_creator_models` VALUES ('Vinewood03AFY');
INSERT INTO `allowed_character_creator_models` VALUES ('Vinewood03AMY');
INSERT INTO `allowed_character_creator_models` VALUES ('Vinewood04AFY');
INSERT INTO `allowed_character_creator_models` VALUES ('Vinewood04AMY');
INSERT INTO `allowed_character_creator_models` VALUES ('WeiCheng');
INSERT INTO `allowed_character_creator_models` VALUES ('WillyFist');
INSERT INTO `allowed_character_creator_models` VALUES ('Yoga01AFY');
INSERT INTO `allowed_character_creator_models` VALUES ('Zimbor');

-- ----------------------------
-- Table structure for `buildings`
-- ----------------------------
DROP TABLE IF EXISTS `buildings`;
CREATE TABLE `buildings` (
  `id` int(10) NOT NULL DEFAULT '0',
  `name` varchar(100) DEFAULT NULL,
  PRIMARY KEY (`id`)
) ENGINE=InnoDB DEFAULT CHARSET=utf8;

-- ----------------------------
-- Records of buildings
-- ----------------------------
INSERT INTO `buildings` VALUES ('0', 'Eclipse Towers');
INSERT INTO `buildings` VALUES ('1', 'Middle Road');

-- ----------------------------
-- Table structure for `characters`
-- ----------------------------
DROP TABLE IF EXISTS `characters`;
CREATE TABLE `characters` (
  `id` int(11) NOT NULL DEFAULT '0',
  `player_id` int(11) DEFAULT NULL,
  `first_name` varchar(100) DEFAULT NULL,
  `last_name` varchar(100) DEFAULT NULL,
  `faction_id` int(11) DEFAULT NULL,
  `player_model` varchar(100) DEFAULT NULL,
  `money` int(11) DEFAULT NULL,
  `job` int(11) DEFAULT NULL,
  `phone_number` varchar(11) DEFAULT NULL,
  PRIMARY KEY (`id`)
) ENGINE=InnoDB DEFAULT CHARSET=utf8;

-- ----------------------------
-- Records of characters
-- ----------------------------
INSERT INTO `characters` VALUES ('0', '0', 'John', 'Thomson', '0', 'Barry', '820631', '1', '4695300');
INSERT INTO `characters` VALUES ('1', '0', 'Jane', 'Cheng', '0', 'MovPrem01SFY', '4765100', '0', '1325993');

-- ----------------------------
-- Table structure for `houses`
-- ----------------------------
DROP TABLE IF EXISTS `houses`;
CREATE TABLE `houses` (
  `id` int(11) NOT NULL DEFAULT '0',
  `owner_id` int(11) DEFAULT NULL,
  `template_id` int(11) DEFAULT NULL,
  `name` varchar(111) DEFAULT NULL,
  PRIMARY KEY (`id`)
) ENGINE=InnoDB DEFAULT CHARSET=utf8;

-- ----------------------------
-- Records of houses
-- ----------------------------
INSERT INTO `houses` VALUES ('0', '0', '0', 'John\'s apartment');
INSERT INTO `houses` VALUES ('1', '0', '0', 'John\'s second apartment');

-- ----------------------------
-- Table structure for `house_exits`
-- ----------------------------
DROP TABLE IF EXISTS `house_exits`;
CREATE TABLE `house_exits` (
  `id` int(11) NOT NULL DEFAULT '0',
  `house_template_id` int(11) DEFAULT NULL,
  `exitX` float DEFAULT NULL,
  `exitY` float DEFAULT NULL,
  `exitZ` float DEFAULT NULL,
  PRIMARY KEY (`id`)
) ENGINE=InnoDB DEFAULT CHARSET=utf8;

-- ----------------------------
-- Records of house_exits
-- ----------------------------
INSERT INTO `house_exits` VALUES ('0', '0', '-785.143', '323.671', '211.997');
INSERT INTO `house_exits` VALUES ('1', '1', '-614.86', '40.6783', '97.6001');
INSERT INTO `house_exits` VALUES ('2', '2', '261.459', '-998.82', '-99.0086');

-- ----------------------------
-- Table structure for `house_teleports`
-- ----------------------------
DROP TABLE IF EXISTS `house_teleports`;
CREATE TABLE `house_teleports` (
  `id` int(11) NOT NULL DEFAULT '0',
  `building_id` int(11) DEFAULT NULL,
  `entranceX` float DEFAULT NULL,
  `entranceY` float DEFAULT NULL,
  `entranceZ` float DEFAULT NULL,
  `name` varchar(100) DEFAULT NULL,
  PRIMARY KEY (`id`)
) ENGINE=InnoDB DEFAULT CHARSET=utf8;

-- ----------------------------
-- Records of house_teleports
-- ----------------------------
INSERT INTO `house_teleports` VALUES ('0', '0', '-772.716', '311.984', '85.6981', 'Main entrance');
INSERT INTO `house_teleports` VALUES ('1', '1', '419.016', '-1735.89', '29.6077', 'Exit');
INSERT INTO `house_teleports` VALUES ('2', '1', '285.554', '-1011.85', '86.7462', 'Rooftop');
INSERT INTO `house_teleports` VALUES ('3', '0', '-755.102', '334.561', '230.637', 'Rooftop');

-- ----------------------------
-- Table structure for `house_teleport_links`
-- ----------------------------
DROP TABLE IF EXISTS `house_teleport_links`;
CREATE TABLE `house_teleport_links` (
  `entrance_id` int(100) NOT NULL DEFAULT '0',
  `exit_id` int(100) NOT NULL DEFAULT '0',
  PRIMARY KEY (`entrance_id`,`exit_id`)
) ENGINE=InnoDB DEFAULT CHARSET=utf8;

-- ----------------------------
-- Records of house_teleport_links
-- ----------------------------
INSERT INTO `house_teleport_links` VALUES ('0', '0');
INSERT INTO `house_teleport_links` VALUES ('1', '2');
INSERT INTO `house_teleport_links` VALUES ('2', '2');
INSERT INTO `house_teleport_links` VALUES ('3', '0');

-- ----------------------------
-- Table structure for `house_template`
-- ----------------------------
DROP TABLE IF EXISTS `house_template`;
CREATE TABLE `house_template` (
  `id` int(11) NOT NULL DEFAULT '0',
  `building_id` int(11) DEFAULT NULL,
  `ipl` varchar(100) DEFAULT NULL,
  `house_name` varchar(100) DEFAULT NULL,
  `spawn_positionX` float DEFAULT NULL,
  `spawn_positionY` float DEFAULT NULL,
  `spawn_positionZ` float DEFAULT NULL,
  PRIMARY KEY (`id`)
) ENGINE=InnoDB DEFAULT CHARSET=utf8;

-- ----------------------------
-- Records of house_template
-- ----------------------------
INSERT INTO `house_template` VALUES ('0', '0', 'no_ipl', 'Eclipse Towers', null, null, null);
INSERT INTO `house_template` VALUES ('1', '0', 'no_ipl', 'Tinsel Towers', null, null, null);
INSERT INTO `house_template` VALUES ('2', '1', 'no_ipl', 'Apartment 520', null, null, null);

-- ----------------------------
-- Table structure for `model_genders`
-- ----------------------------
DROP TABLE IF EXISTS `model_genders`;
CREATE TABLE `model_genders` (
  `model_name` varchar(50) NOT NULL DEFAULT '',
  `gender` int(11) DEFAULT NULL,
  PRIMARY KEY (`model_name`)
) ENGINE=InnoDB DEFAULT CHARSET=utf8;

-- ----------------------------
-- Records of model_genders
-- ----------------------------
INSERT INTO `model_genders` VALUES ('Abigail', '1');
INSERT INTO `model_genders` VALUES ('AfriAmer01AMM', '0');
INSERT INTO `model_genders` VALUES ('Agent14', '0');
INSERT INTO `model_genders` VALUES ('AlDiNapoli', '0');
INSERT INTO `model_genders` VALUES ('AmandaTownley', '1');
INSERT INTO `model_genders` VALUES ('Andreas', '0');
INSERT INTO `model_genders` VALUES ('AntonB', '0');
INSERT INTO `model_genders` VALUES ('ArmBoss01GMM', '0');
INSERT INTO `model_genders` VALUES ('ArmGoon01GMM', '0');
INSERT INTO `model_genders` VALUES ('ArmGoon02GMY', '0');
INSERT INTO `model_genders` VALUES ('ArmLieut01GMM', '0');
INSERT INTO `model_genders` VALUES ('Ashley', '1');
INSERT INTO `model_genders` VALUES ('AutoShop01SMM', '0');
INSERT INTO `model_genders` VALUES ('AviSchwartzman', '0');
INSERT INTO `model_genders` VALUES ('Azteca01GMY', '0');
INSERT INTO `model_genders` VALUES ('BallaEast01GMY', '0');
INSERT INTO `model_genders` VALUES ('BallaOrig01GMY', '0');
INSERT INTO `model_genders` VALUES ('Ballas01GFY', '1');
INSERT INTO `model_genders` VALUES ('BallasOG', '0');
INSERT INTO `model_genders` VALUES ('BallaSout01GMY', '0');
INSERT INTO `model_genders` VALUES ('Bankman', '0');
INSERT INTO `model_genders` VALUES ('Bankman01', '0');
INSERT INTO `model_genders` VALUES ('Barman01SMY', '0');
INSERT INTO `model_genders` VALUES ('Barry', '0');
INSERT INTO `model_genders` VALUES ('Bartender01SFY', '1');
INSERT INTO `model_genders` VALUES ('Baygor', '0');
INSERT INTO `model_genders` VALUES ('Beach01AMO', '0');
INSERT INTO `model_genders` VALUES ('Beach01AMY', '0');
INSERT INTO `model_genders` VALUES ('Beach02AMY', '0');
INSERT INTO `model_genders` VALUES ('BeachVesp01AMY', '0');
INSERT INTO `model_genders` VALUES ('Beachvesp02AMY', '0');
INSERT INTO `model_genders` VALUES ('Benny', '0');
INSERT INTO `model_genders` VALUES ('BestMen', '0');
INSERT INTO `model_genders` VALUES ('Beverly', '0');
INSERT INTO `model_genders` VALUES ('BevHills01AFM', '1');
INSERT INTO `model_genders` VALUES ('Bevhills01AFY', '1');
INSERT INTO `model_genders` VALUES ('BevHills01AMM', '0');
INSERT INTO `model_genders` VALUES ('BevHills01AMY', '0');
INSERT INTO `model_genders` VALUES ('BevHills02AFM', '1');
INSERT INTO `model_genders` VALUES ('BevHills02AFY', '1');
INSERT INTO `model_genders` VALUES ('BevHills02AMM', '0');
INSERT INTO `model_genders` VALUES ('BevHills02AMY', '0');
INSERT INTO `model_genders` VALUES ('Bevhills03AFY', '1');
INSERT INTO `model_genders` VALUES ('BevHills04AFY', '1');
INSERT INTO `model_genders` VALUES ('BikerChic', '1');
INSERT INTO `model_genders` VALUES ('BoatStaff01F', '1');
INSERT INTO `model_genders` VALUES ('BoatStaff01M', '0');
INSERT INTO `model_genders` VALUES ('Brad', '0');
INSERT INTO `model_genders` VALUES ('Bride', '1');
INSERT INTO `model_genders` VALUES ('Busicas01AMY', '0');
INSERT INTO `model_genders` VALUES ('Business01AFY', '1');
INSERT INTO `model_genders` VALUES ('Business01AMM', '0');
INSERT INTO `model_genders` VALUES ('Business01AMY', '0');
INSERT INTO `model_genders` VALUES ('Business02AFM', '1');
INSERT INTO `model_genders` VALUES ('Business02AFY', '1');
INSERT INTO `model_genders` VALUES ('Business02AMY', '0');
INSERT INTO `model_genders` VALUES ('Business03AFY', '1');
INSERT INTO `model_genders` VALUES ('Business03AMY', '0');
INSERT INTO `model_genders` VALUES ('Business04AFY', '1');
INSERT INTO `model_genders` VALUES ('Busker01SMO', '0');
INSERT INTO `model_genders` VALUES ('Car3Guy1', '0');
INSERT INTO `model_genders` VALUES ('Car3Guy2', '0');
INSERT INTO `model_genders` VALUES ('ChiBoss01GMM', '0');
INSERT INTO `model_genders` VALUES ('ChiGoon01GMM', '0');
INSERT INTO `model_genders` VALUES ('ChiGoon02GMM', '0');
INSERT INTO `model_genders` VALUES ('Chip', '0');
INSERT INTO `model_genders` VALUES ('CntryBar01SMM', '0');
INSERT INTO `model_genders` VALUES ('ComJane', '1');
INSERT INTO `model_genders` VALUES ('Cyclist01', '0');
INSERT INTO `model_genders` VALUES ('Cyclist01amy', '0');
INSERT INTO `model_genders` VALUES ('Dale', '0');
INSERT INTO `model_genders` VALUES ('DaveNorton', '0');
INSERT INTO `model_genders` VALUES ('Dealer01SMY', '0');
INSERT INTO `model_genders` VALUES ('Denise', '1');
INSERT INTO `model_genders` VALUES ('Devin', '0');
INSERT INTO `model_genders` VALUES ('DevinSec01SMY', '0');
INSERT INTO `model_genders` VALUES ('DHill01AMY', '0');
INSERT INTO `model_genders` VALUES ('DoaMan', '0');
INSERT INTO `model_genders` VALUES ('Dom', '0');
INSERT INTO `model_genders` VALUES ('DownTown01AFM', '1');
INSERT INTO `model_genders` VALUES ('DownTown01AMY', '0');
INSERT INTO `model_genders` VALUES ('Dreyfuss', '0');
INSERT INTO `model_genders` VALUES ('DrFriedlander', '0');
INSERT INTO `model_genders` VALUES ('EastSA01AFM', '1');
INSERT INTO `model_genders` VALUES ('EastSA01AFY', '1');
INSERT INTO `model_genders` VALUES ('EastSA01AMM', '0');
INSERT INTO `model_genders` VALUES ('Eastsa01AMY', '0');
INSERT INTO `model_genders` VALUES ('EastSA02AFM', '1');
INSERT INTO `model_genders` VALUES ('EastSA02AFY', '1');
INSERT INTO `model_genders` VALUES ('EastSa02AMM', '0');
INSERT INTO `model_genders` VALUES ('EastSA02AMY', '0');
INSERT INTO `model_genders` VALUES ('EastSA03AFY', '1');
INSERT INTO `model_genders` VALUES ('EdToh', '0');
INSERT INTO `model_genders` VALUES ('Epsilon01AFY', '1');
INSERT INTO `model_genders` VALUES ('Epsilon01AMY', '0');
INSERT INTO `model_genders` VALUES ('Epsilon02AMY', '0');
INSERT INTO `model_genders` VALUES ('Fabien', '0');
INSERT INTO `model_genders` VALUES ('FamCA01GMY', '0');
INSERT INTO `model_genders` VALUES ('FamDD01', '0');
INSERT INTO `model_genders` VALUES ('FamDNF01GMY', '0');
INSERT INTO `model_genders` VALUES ('FamFor01GMY', '0');
INSERT INTO `model_genders` VALUES ('Families01GFY', '1');
INSERT INTO `model_genders` VALUES ('Farmer01AMM', '0');
INSERT INTO `model_genders` VALUES ('FatBla01AFM', '1');
INSERT INTO `model_genders` VALUES ('FatLatin01AMM', '0');
INSERT INTO `model_genders` VALUES ('FatWhite01AFM', '1');
INSERT INTO `model_genders` VALUES ('FemBarberSFM', '1');
INSERT INTO `model_genders` VALUES ('Fitness01AFY', '1');
INSERT INTO `model_genders` VALUES ('Fitness02AFY', '1');
INSERT INTO `model_genders` VALUES ('Floyd', '0');
INSERT INTO `model_genders` VALUES ('G', '0');
INSERT INTO `model_genders` VALUES ('Gay01AMY', '0');
INSERT INTO `model_genders` VALUES ('Gay02AMY', '0');
INSERT INTO `model_genders` VALUES ('GenFat01AMM', '0');
INSERT INTO `model_genders` VALUES ('GenFat02AMM', '0');
INSERT INTO `model_genders` VALUES ('GenHot01AFY', '1');
INSERT INTO `model_genders` VALUES ('GenStreet01AMY', '0');
INSERT INTO `model_genders` VALUES ('GenStreet02AMY', '0');
INSERT INTO `model_genders` VALUES ('GlenStank01', '0');
INSERT INTO `model_genders` VALUES ('Golfer01AFY', '1');
INSERT INTO `model_genders` VALUES ('Groom', '0');
INSERT INTO `model_genders` VALUES ('Guido01', '0');
INSERT INTO `model_genders` VALUES ('HairDress01SMM', '0');
INSERT INTO `model_genders` VALUES ('Hao', '0');
INSERT INTO `model_genders` VALUES ('HasJew01AMM', '0');
INSERT INTO `model_genders` VALUES ('HasJew01AMY', '0');
INSERT INTO `model_genders` VALUES ('Hiker01AFY', '1');
INSERT INTO `model_genders` VALUES ('Hiker01AMY', '0');
INSERT INTO `model_genders` VALUES ('HillBilly01AMM', '0');
INSERT INTO `model_genders` VALUES ('HillBilly02AMM', '0');
INSERT INTO `model_genders` VALUES ('Hippie01', '0');
INSERT INTO `model_genders` VALUES ('Hippie01AFY', '1');
INSERT INTO `model_genders` VALUES ('Hippy01AMY', '0');
INSERT INTO `model_genders` VALUES ('Hipster01AFY', '1');
INSERT INTO `model_genders` VALUES ('Hipster01AMY', '0');
INSERT INTO `model_genders` VALUES ('Hipster02AFY', '1');
INSERT INTO `model_genders` VALUES ('Hipster02AMY', '0');
INSERT INTO `model_genders` VALUES ('Hipster03AFY', '1');
INSERT INTO `model_genders` VALUES ('Hipster03AMY', '0');
INSERT INTO `model_genders` VALUES ('Hipster04AFY', '1');
INSERT INTO `model_genders` VALUES ('HotPosh01', '1');
INSERT INTO `model_genders` VALUES ('Indian01AFO', '1');
INSERT INTO `model_genders` VALUES ('Indian01AFY', '1');
INSERT INTO `model_genders` VALUES ('Indian01AMM', '0');
INSERT INTO `model_genders` VALUES ('Indian01AMY', '1');
INSERT INTO `model_genders` VALUES ('Janet', '1');
INSERT INTO `model_genders` VALUES ('JayNorris', '0');
INSERT INTO `model_genders` VALUES ('JewelAss', '1');
INSERT INTO `model_genders` VALUES ('JewelAss01', '1');
INSERT INTO `model_genders` VALUES ('JimmyBoston', '0');
INSERT INTO `model_genders` VALUES ('JimmyDisanto', '0');
INSERT INTO `model_genders` VALUES ('JoeMinuteman', '0');
INSERT INTO `model_genders` VALUES ('Josef', '0');
INSERT INTO `model_genders` VALUES ('Josh', '0');
INSERT INTO `model_genders` VALUES ('Juggalo01AFY', '1');
INSERT INTO `model_genders` VALUES ('Juggalo01AMY', '0');
INSERT INTO `model_genders` VALUES ('KerryMcintosh', '1');
INSERT INTO `model_genders` VALUES ('KorBoss01GMM', '0');
INSERT INTO `model_genders` VALUES ('Korean01GMY', '0');
INSERT INTO `model_genders` VALUES ('Korean02GMY', '0');
INSERT INTO `model_genders` VALUES ('KorLieut01GMY', '0');
INSERT INTO `model_genders` VALUES ('KTown01AFM', '1');
INSERT INTO `model_genders` VALUES ('KTown01AFO', '1');
INSERT INTO `model_genders` VALUES ('KTown01AMM', '0');
INSERT INTO `model_genders` VALUES ('KTown01AMO', '0');
INSERT INTO `model_genders` VALUES ('KTown01AMY', '0');
INSERT INTO `model_genders` VALUES ('KTown02AFM', '1');
INSERT INTO `model_genders` VALUES ('KTown02AMY', '0');
INSERT INTO `model_genders` VALUES ('LamarDavis', '0');
INSERT INTO `model_genders` VALUES ('Latino01AMY', '0');
INSERT INTO `model_genders` VALUES ('Lazlow', '0');
INSERT INTO `model_genders` VALUES ('LifeInvad01', '0');
INSERT INTO `model_genders` VALUES ('LifeInvad01SMM', '0');
INSERT INTO `model_genders` VALUES ('LifeInvad02', '0');
INSERT INTO `model_genders` VALUES ('Lost01GFY', '1');
INSERT INTO `model_genders` VALUES ('Lost01GMY', '0');
INSERT INTO `model_genders` VALUES ('Lost02GMY', '0');
INSERT INTO `model_genders` VALUES ('Lost03GMY', '0');
INSERT INTO `model_genders` VALUES ('Magenta', '1');
INSERT INTO `model_genders` VALUES ('Malibu01AMM', '0');
INSERT INTO `model_genders` VALUES ('Mani', '0');
INSERT INTO `model_genders` VALUES ('Manuel', '0');
INSERT INTO `model_genders` VALUES ('Markfost', '0');
INSERT INTO `model_genders` VALUES ('Marnie', '1');
INSERT INTO `model_genders` VALUES ('Maryann', '1');
INSERT INTO `model_genders` VALUES ('MethHead01AMY', '0');
INSERT INTO `model_genders` VALUES ('MexBoss01GMM', '0');
INSERT INTO `model_genders` VALUES ('MexBoss02GMM', '0');
INSERT INTO `model_genders` VALUES ('MexCntry01AMM', '0');
INSERT INTO `model_genders` VALUES ('MexGang01GMY', '0');
INSERT INTO `model_genders` VALUES ('MexGoon01GMY', '0');
INSERT INTO `model_genders` VALUES ('MexGoon02GMY', '0');
INSERT INTO `model_genders` VALUES ('MexGoon03GMY', '0');
INSERT INTO `model_genders` VALUES ('Mexthug01AMY', '0');
INSERT INTO `model_genders` VALUES ('Milton', '0');
INSERT INTO `model_genders` VALUES ('Miranda', '1');
INSERT INTO `model_genders` VALUES ('Motox02AMY', '0');
INSERT INTO `model_genders` VALUES ('MovPrem01SFY', '1');
INSERT INTO `model_genders` VALUES ('MovPrem01SMM', '0');
INSERT INTO `model_genders` VALUES ('MPros01', '0');
INSERT INTO `model_genders` VALUES ('MrK', '0');
INSERT INTO `model_genders` VALUES ('Natalia', '1');
INSERT INTO `model_genders` VALUES ('NervousRon', '0');
INSERT INTO `model_genders` VALUES ('Nigel', '0');
INSERT INTO `model_genders` VALUES ('OGBoss01AMM', '0');
INSERT INTO `model_genders` VALUES ('OldMan2', '0');
INSERT INTO `model_genders` VALUES ('Oneil', '0');
INSERT INTO `model_genders` VALUES ('Ortega', '0');
INSERT INTO `model_genders` VALUES ('Paige', '1');
INSERT INTO `model_genders` VALUES ('Paparazzi01AMM', '0');
INSERT INTO `model_genders` VALUES ('Paper', '0');
INSERT INTO `model_genders` VALUES ('Party01', '0');
INSERT INTO `model_genders` VALUES ('PoloGoon01GMY', '0');
INSERT INTO `model_genders` VALUES ('PoloGoon02GMY', '0');
INSERT INTO `model_genders` VALUES ('Polynesian01AMM', '0');
INSERT INTO `model_genders` VALUES ('Polynesian01AMY', '0');
INSERT INTO `model_genders` VALUES ('Popov', '0');
INSERT INTO `model_genders` VALUES ('RampGang', '0');
INSERT INTO `model_genders` VALUES ('RampHipster', '0');
INSERT INTO `model_genders` VALUES ('RivalPaparazzi', '0');
INSERT INTO `model_genders` VALUES ('RoadCyc01AMY', '0');
INSERT INTO `model_genders` VALUES ('Runner01AFY', '1');
INSERT INTO `model_genders` VALUES ('Runner02AMY', '0');
INSERT INTO `model_genders` VALUES ('RurMeth01AFY', '1');
INSERT INTO `model_genders` VALUES ('RurMeth01AMM', '0');
INSERT INTO `model_genders` VALUES ('Salton01AFM', '1');
INSERT INTO `model_genders` VALUES ('Salton01AFO', '1');
INSERT INTO `model_genders` VALUES ('SalvaGoon02GMY', '0');
INSERT INTO `model_genders` VALUES ('SalvaGoon03GMY', '0');
INSERT INTO `model_genders` VALUES ('ScreenWriter', '1');
INSERT INTO `model_genders` VALUES ('ShopHighSFM', '1');
INSERT INTO `model_genders` VALUES ('ShopLowSFY', '1');
INSERT INTO `model_genders` VALUES ('ShopMidSFY', '1');
INSERT INTO `model_genders` VALUES ('SiemonYetarian', '0');
INSERT INTO `model_genders` VALUES ('Skater01AFY', '1');
INSERT INTO `model_genders` VALUES ('Skater01AMM', '0');
INSERT INTO `model_genders` VALUES ('Skater01AMY', '0');
INSERT INTO `model_genders` VALUES ('Skater02AMY', '0');
INSERT INTO `model_genders` VALUES ('SoCenLat01AMM', '0');
INSERT INTO `model_genders` VALUES ('Solomon', '0');
INSERT INTO `model_genders` VALUES ('SouCent01AFO', '1');
INSERT INTO `model_genders` VALUES ('SouCent01AFY', '1');
INSERT INTO `model_genders` VALUES ('SouCent01AMM', '0');
INSERT INTO `model_genders` VALUES ('SouCent01AMO', '0');
INSERT INTO `model_genders` VALUES ('SouCent01AMY', '0');
INSERT INTO `model_genders` VALUES ('SouCent02AFM', '1');
INSERT INTO `model_genders` VALUES ('SouCent02AFO', '1');
INSERT INTO `model_genders` VALUES ('SouCent02AFY', '1');
INSERT INTO `model_genders` VALUES ('SouCent02AMM', '0');
INSERT INTO `model_genders` VALUES ('SouCent02AMO', '0');
INSERT INTO `model_genders` VALUES ('SouCent02AMY', '0');
INSERT INTO `model_genders` VALUES ('SouCent03AFY', '1');
INSERT INTO `model_genders` VALUES ('SouCent03AMM', '0');
INSERT INTO `model_genders` VALUES ('SouCent04AMY', '0');
INSERT INTO `model_genders` VALUES ('SpyActor', '0');
INSERT INTO `model_genders` VALUES ('SpyActress', '1');
INSERT INTO `model_genders` VALUES ('StBla01AMY', '0');
INSERT INTO `model_genders` VALUES ('SteveHain', '0');
INSERT INTO `model_genders` VALUES ('StLat01AMY', '0');
INSERT INTO `model_genders` VALUES ('StLat02AMM', '0');
INSERT INTO `model_genders` VALUES ('Stretch', '0');
INSERT INTO `model_genders` VALUES ('StrPreach01SMM', '0');
INSERT INTO `model_genders` VALUES ('StrPunk01GMY', '0');
INSERT INTO `model_genders` VALUES ('StrPunk02GMY', '0');
INSERT INTO `model_genders` VALUES ('StWhi01AMY', '0');
INSERT INTO `model_genders` VALUES ('StWhi02AMY', '0');
INSERT INTO `model_genders` VALUES ('SunBathe01AMY', '0');
INSERT INTO `model_genders` VALUES ('Talina', '0');
INSERT INTO `model_genders` VALUES ('Tanisha', '1');
INSERT INTO `model_genders` VALUES ('TaoCheng', '0');
INSERT INTO `model_genders` VALUES ('TaosTranslator', '0');
INSERT INTO `model_genders` VALUES ('Tattoo01AMO', '0');
INSERT INTO `model_genders` VALUES ('Tennis01AFY', '1');
INSERT INTO `model_genders` VALUES ('TomEpsilon', '0');
INSERT INTO `model_genders` VALUES ('Tonya', '1');
INSERT INTO `model_genders` VALUES ('Tourist01AFM', '1');
INSERT INTO `model_genders` VALUES ('Tourist01AFY', '1');
INSERT INTO `model_genders` VALUES ('Tourist01AMM', '0');
INSERT INTO `model_genders` VALUES ('Tourist02AFY', '1');
INSERT INTO `model_genders` VALUES ('TracyDisanto', '1');
INSERT INTO `model_genders` VALUES ('Vagos01GFY', '1');
INSERT INTO `model_genders` VALUES ('VagosSpeak', '0');
INSERT INTO `model_genders` VALUES ('VinDouche01AMY', '0');
INSERT INTO `model_genders` VALUES ('Vinewood01AFY', '1');
INSERT INTO `model_genders` VALUES ('VineWood01AMY', '0');
INSERT INTO `model_genders` VALUES ('Vinewood02AFY', '1');
INSERT INTO `model_genders` VALUES ('VineWood02AMY', '0');
INSERT INTO `model_genders` VALUES ('Vinewood03AFY', '1');
INSERT INTO `model_genders` VALUES ('Vinewood03AMY', '0');
INSERT INTO `model_genders` VALUES ('Vinewood04AFY', '1');
INSERT INTO `model_genders` VALUES ('Vinewood04AMY', '0');
INSERT INTO `model_genders` VALUES ('WeiCheng', '0');
INSERT INTO `model_genders` VALUES ('WillyFist', '0');
INSERT INTO `model_genders` VALUES ('Yoga01AFY', '1');
INSERT INTO `model_genders` VALUES ('Zimbor', '0');

-- ----------------------------
-- Table structure for `phone_contacts`
-- ----------------------------
DROP TABLE IF EXISTS `phone_contacts`;
CREATE TABLE `phone_contacts` (
  `owner` int(11) NOT NULL DEFAULT '0',
  `name` varchar(11) DEFAULT NULL,
  `number` varchar(11) NOT NULL DEFAULT '',
  PRIMARY KEY (`owner`,`number`)
) ENGINE=InnoDB DEFAULT CHARSET=utf8;

-- ----------------------------
-- Records of phone_contacts
-- ----------------------------

-- ----------------------------
-- Table structure for `players`
-- ----------------------------
DROP TABLE IF EXISTS `players`;
CREATE TABLE `players` (
  `id` int(11) NOT NULL DEFAULT '0',
  `name` varchar(100) DEFAULT NULL,
  `password` varchar(100) DEFAULT NULL,
  `admin_level` int(11) DEFAULT NULL,
  PRIMARY KEY (`id`)
) ENGINE=InnoDB DEFAULT CHARSET=utf8;

-- ----------------------------
-- Records of players
-- ----------------------------
INSERT INTO `players` VALUES ('0', 'Test', 'cc03e747a6afbbcbf8be7668acfebee5', '0');

-- ----------------------------
-- Table structure for `text_messages`
-- ----------------------------
DROP TABLE IF EXISTS `text_messages`;
CREATE TABLE `text_messages` (
  `id` int(11) NOT NULL DEFAULT '0',
  `sender_number` varchar(11) NOT NULL DEFAULT '',
  `receiver_number` varchar(100) NOT NULL DEFAULT '',
  `time` varchar(11) NOT NULL DEFAULT '',
  `message` varchar(1000) NOT NULL DEFAULT '',
  PRIMARY KEY (`id`)
) ENGINE=InnoDB DEFAULT CHARSET=utf8;

-- ----------------------------
-- Records of text_messages
-- ----------------------------

-- ----------------------------
-- Table structure for `vehicles`
-- ----------------------------
DROP TABLE IF EXISTS `vehicles`;
CREATE TABLE `vehicles` (
  `id` int(11) NOT NULL AUTO_INCREMENT,
  `ownedId` int(11) DEFAULT NULL,
  `factionId` int(11) DEFAULT NULL,
  `model` int(11) DEFAULT NULL,
  `park_x` float(10,0) DEFAULT NULL,
  `park_y` float(10,0) DEFAULT NULL,
  `park_z` float(10,0) DEFAULT NULL,
  `park_rot_x` float(10,0) DEFAULT NULL,
  `park_rot_y` float(10,0) DEFAULT NULL,
  `park_rot_z` float(10,0) DEFAULT NULL,
  `license_plate_text` varchar(100) DEFAULT NULL,
  `license_plate_style` int(11) DEFAULT NULL,
  `color1` int(11) DEFAULT NULL,
  `color2` int(11) DEFAULT NULL,
  PRIMARY KEY (`id`)
) ENGINE=InnoDB AUTO_INCREMENT=8 DEFAULT CHARSET=utf8;

-- ----------------------------
-- Records of vehicles
-- ----------------------------
INSERT INTO `vehicles` VALUES ('1', '-1', '1', '2046537925', '-1126', '-865', '13', '0', '0', '-140', '', '0', '111', '0');
INSERT INTO `vehicles` VALUES ('2', '-1', '1', '2046537925', '-1123', '-863', '13', '0', '0', '-142', '', '0', '111', '0');
INSERT INTO `vehicles` VALUES ('3', '-1', '1', '-1627000575', '-1112', '-855', '13', '1', '0', '-143', '', '0', '111', '0');
INSERT INTO `vehicles` VALUES ('4', '-1', '1', '-2007026063', '-1043', '-858', '5', '0', '0', '-122', '', '0', '63', '63');
INSERT INTO `vehicles` VALUES ('5', '-1', '1', '-2007026063', '-1049', '-864', '5', '0', '-3', '-122', '', '0', '63', '63');
INSERT INTO `vehicles` VALUES ('6', '0', '0', '719660200', '-223', '-1168', '23', '1', '0', '-92', 'LS6X3USS', '0', '41', '55');
INSERT INTO `vehicles` VALUES ('7', '1', '0', '719660200', '-775', '295', '85', '1', '-6', '95', 'LSYXE325', '0', '127', '28');

-- ----------------------------
-- Table structure for `vehicle_prices`
-- ----------------------------
DROP TABLE IF EXISTS `vehicle_prices`;
CREATE TABLE `vehicle_prices` (
  `model` varchar(100) NOT NULL DEFAULT '',
  `price` int(255) NOT NULL DEFAULT '0',
  PRIMARY KEY (`model`,`price`)
) ENGINE=InnoDB DEFAULT CHARSET=utf8;

-- ----------------------------
-- Records of vehicle_prices
-- ----------------------------
INSERT INTO `vehicle_prices` VALUES ('Baller3', '250000');
INSERT INTO `vehicle_prices` VALUES ('Baller4', '230000');
INSERT INTO `vehicle_prices` VALUES ('BJXL', '100000');
INSERT INTO `vehicle_prices` VALUES ('Contender', '500000');
INSERT INTO `vehicle_prices` VALUES ('Ruston', '830000');
INSERT INTO `vehicle_prices` VALUES ('Taxi', '400000');
